-- phpMyAdmin SQL Dump
-- version 4.4.15.10
-- https://www.phpmyadmin.net
--
-- Host: localhost
-- Generation Time: Sep 24, 2019 at 08:52 AM
-- Server version: 5.5.60-MariaDB
-- PHP Version: 7.3.9

SET SQL_MODE = "NO_AUTO_VALUE_ON_ZERO";


/*!40101 SET @OLD_CHARACTER_SET_CLIENT=@@CHARACTER_SET_CLIENT */;
/*!40101 SET @OLD_CHARACTER_SET_RESULTS=@@CHARACTER_SET_RESULTS */;
/*!40101 SET @OLD_COLLATION_CONNECTION=@@COLLATION_CONNECTION */;
/*!40101 SET NAMES utf8mb4 */;

--
-- Database: `ipro_db`
--

--
-- Dumping data for table `branches`
--

INSERT INTO `branches` (`id`, `name`, `city`, `address`, `notes`, `created_at`, `updated_at`, `deleted_at`) VALUES
(1, 'Wilayah A (Bandung)', NULL, NULL, NULL, '2019-09-16 13:11:44', '2019-09-16 13:11:44', NULL),
(2, 'Wilayah B (Malang)', NULL, NULL, NULL, '2019-09-16 13:11:56', '2019-09-16 13:11:56', NULL),
(3, 'Gudang Cimareme', NULL, NULL, NULL, '2019-09-24 10:32:18', '2019-09-24 10:32:18', NULL);

--
-- Dumping data for table `brands`
--

INSERT INTO `brands` (`id`, `name`, `logo`, `notes`, `created_at`, `updated_at`, `deleted_at`) VALUES
(1, 'Conwood', 'Conwoodlogo-160919011534.jpg', NULL, '2019-09-16 13:15:34', '2019-09-16 13:15:34', NULL),
(2, 'Propan', 'Propanlogo-160919011642.jpg', NULL, '2019-09-16 13:16:42', '2019-09-16 13:16:42', NULL),
(3, 'Tools', 'Toolslogo-160919011734.jpg', NULL, '2019-09-16 13:17:34', '2019-09-16 13:17:34', NULL),
(4, 'Shera', 'Sheralogo-160919011822.png', NULL, '2019-09-16 13:18:22', '2019-09-16 13:18:22', NULL);

--
-- Dumping data for table `categories`
--

INSERT INTO `categories` (`id`, `brand_id`, `name`, `lainlain`, `notes`, `created_at`, `updated_at`, `deleted_at`) VALUES
(1, 4, 'Shera', 0, NULL, '2019-09-16 13:20:54', '2019-09-16 13:20:54', NULL),
(2, 3, 'Tools', 1, NULL, '2019-09-16 13:21:03', '2019-09-16 13:21:03', NULL),
(3, 2, 'Propan', 0, NULL, '2019-09-16 13:21:20', '2019-09-16 13:21:20', NULL),
(4, 1, 'Conwood', 0, NULL, '2019-09-16 13:21:31', '2019-09-16 13:21:31', NULL);

--
-- Dumping data for table `counters`
--

INSERT INTO `counters` (`id`, `name`, `counter`, `notes`, `created_at`, `updated_at`, `deleted_at`) VALUES
(1, 'PO', 7, NULL, NULL, '2019-09-23 11:19:00', NULL),
(2, 'SO', 55, NULL, NULL, '2019-09-24 07:17:06', NULL),
(3, 'QO', 30, NULL, NULL, '2019-09-24 07:16:07', NULL),
(4, 'DO', 27, NULL, NULL, '2019-09-23 19:51:49', NULL),
(5, 'INV', 10, NULL, NULL, '2019-09-23 19:54:55', NULL);

--
-- Dumping data for table `items`
--

INSERT INTO `items` (`id`, `category_id`, `code`, `name`, `purchase_price`, `weight`, `area`, `width`, `height`, `length`, `notes`, `created_at`, `updated_at`, `deleted_at`) VALUES
(1, 4, '1', 'Conwood Deck 4" (102 x 3050 x 14 mm)', 83800, 5.2, 0, 10, 1.4, 305, NULL, '0000-00-00 00:00:00', '0000-00-00 00:00:00', NULL),
(2, 4, '2', 'Conwood Deck 6" (152 x 3050 x 14 mm)', 131400, 8.2, 0, 15, 1.4, 305, NULL, '0000-00-00 00:00:00', '0000-00-00 00:00:00', NULL),
(3, 4, '3', 'Conwood Deck 8" (203 x 3050 x 14 mm)', 175200, 10.93, 0, 20, 1.4, 305, NULL, '0000-00-00 00:00:00', '0000-00-00 00:00:00', NULL),
(4, 4, '4', 'Conwood Deck 4" (102 x 3050 x 25 mm)', 166000, 9.76, 0, 10, 2.5, 305, NULL, '0000-00-00 00:00:00', '0000-00-00 00:00:00', NULL),
(5, 4, '5', 'Conwood Deck 6"'' (152 x 3050 x 25 mm)', 249000, 14.64, 0, 15, 2.5, 305, NULL, '0000-00-00 00:00:00', '0000-00-00 00:00:00', NULL),
(6, 4, '6', 'Conwood Deck 8" (203 x 3050 x 25 mm)', 331800, 19.52, 0, 20, 2.5, 305, NULL, '0000-00-00 00:00:00', '0000-00-00 00:00:00', NULL),
(7, 4, '7', 'Conwood Deck 12" (D1) (300 x 3050 x 25 mm)', 488400, 28.75, 0, 30, 2.5, 305, NULL, '0000-00-00 00:00:00', '0000-00-00 00:00:00', NULL),
(8, 4, '8', 'Conwood Deck 12" (D2) (300 x 3050 x 25 mm)', 488400, 28.75, 0, 30, 2.5, 305, NULL, '0000-00-00 00:00:00', '0000-00-00 00:00:00', NULL),
(9, 4, '9', 'Conwood Deck 12" (D3) (300 x 3050 x 25 mm)', 488400, 28.75, 0, 30, 2.5, 305, NULL, '0000-00-00 00:00:00', '0000-00-00 00:00:00', NULL),
(10, 4, '10', 'Conwood Deck 12" (D1) T-Lock (300 x 3050 x 25 mm)', 532400, 28.75, 0, 30, 2.5, 305, NULL, '0000-00-00 00:00:00', '0000-00-00 00:00:00', NULL),
(11, 4, '11', 'Conwood Deck 12" (D2) T-Lock (300 x 3050 x 25 mm)', 532400, 28.75, 0, 30, 2.5, 305, NULL, '0000-00-00 00:00:00', '0000-00-00 00:00:00', NULL),
(12, 4, '12', 'Conwood Deck 12" (D3) T-Lock (300 x 3050 x 25 mm)', 532400, 28.75, 0, 30, 2.5, 305, NULL, '0000-00-00 00:00:00', '0000-00-00 00:00:00', NULL),
(13, 4, '13', 'Conwood Stair 8" (Vertical) (200 x 1200 x 16 mm)', 88200, 4.92, 0, 20, 1.6, 120, NULL, '0000-00-00 00:00:00', '0000-00-00 00:00:00', NULL),
(14, 4, '14', 'Conwood Stair 12" (Horizontal) (300 x 1200 x 25 mm)', 192200, 11.31, 0, 30, 2.5, 120, NULL, '0000-00-00 00:00:00', '0000-00-00 00:00:00', NULL),
(15, 4, '15', 'Conwood Handrail (85x3050x30mm)', 153400, 9.03, 0, 8.5, 3, 120, NULL, '0000-00-00 00:00:00', '0000-00-00 00:00:00', NULL),
(16, 4, '16', 'Ceiling Border (50 x 3050 x 11 mm)', 39000, 2.3, 0, 5, 1.1, 305, NULL, '0000-00-00 00:00:00', '0000-00-00 00:00:00', NULL),
(17, 4, '17', 'Conwood Lath 3" Cut (76 x 3050 x 11 mm)', 58800, 3.45, 0, 7.5, 1.1, 305, NULL, '0000-00-00 00:00:00', '0000-00-00 00:00:00', NULL),
(18, 4, '18', 'Conwood Lath 4" Cut (100 x 3050 x 11 mm)', 76400, 4.6, 0, 10, 1.1, 305, NULL, '0000-00-00 00:00:00', '0000-00-00 00:00:00', NULL),
(19, 4, '19', 'Conwood Lath 3" (UG) (600 x 1200 x 8 mm)', 124000, 7.28, 0, 60, 0.8, 120, NULL, '0000-00-00 00:00:00', '0000-00-00 00:00:00', NULL),
(20, 4, '20', 'Conwood Lath 3" (UG) (1200 x 2400 x 8 mm)', 527200, 31.06, 0, 60, 0.8, 120, NULL, '0000-00-00 00:00:00', '0000-00-00 00:00:00', NULL),
(21, 4, '21', 'Conwood Eave 2 IN 1 (235 x 3050 x 16 mm)', 147800, 12.77, 0, 23.5, 1.6, 305, NULL, '0000-00-00 00:00:00', '0000-00-00 00:00:00', NULL),
(22, 4, '22', 'Conwood Lap Siding 6 BG (152 x 3050 x 11 mm)', 77200, 6.89, 0, 15, 1.1, 305, NULL, '0000-00-00 00:00:00', '0000-00-00 00:00:00', NULL),
(23, 4, '23', 'Conwood Lap Siding 8" G0 (200 x 3050 x 11 mm)', 100600, 9.04, 0, 20, 1.1, 305, NULL, '0000-00-00 00:00:00', '0000-00-00 00:00:00', NULL),
(24, 4, '24', 'Conwood Lap Siding 8" G1 (200 x 3050 x 11 mm)', 100600, 8.88, 0, 20, 1.1, 305, NULL, '0000-00-00 00:00:00', '0000-00-00 00:00:00', NULL),
(25, 4, '25', 'Conwood Lap Siding 8" G2 (200 x 3050 x 11 mm)', 100600, 8.71, 0, 20, 1.1, 305, NULL, '0000-00-00 00:00:00', '0000-00-00 00:00:00', NULL),
(26, 4, '26', 'Conwood Decorative Panel "V - Groove" (305 x 3050 x 11 mm)', 218400, 12.83, 0, 30.5, 1.1, 305, NULL, '0000-00-00 00:00:00', '0000-00-00 00:00:00', NULL),
(27, 4, '27', 'Conwood Floor Mould 4" (Louis) (102 x 3050 x 11 mm)', 57800, 4.37, 0, 10, 1.1, 305, NULL, '0000-00-00 00:00:00', '0000-00-00 00:00:00', NULL),
(28, 4, '28', 'Conwood Floor Mould 4" (Louis)(102 x 3050 x 14 mm)', 68400, 5.2, 0, 10, 1.4, 305, NULL, '0000-00-00 00:00:00', '0000-00-00 00:00:00', NULL),
(29, 4, '29', 'Conwood Floor Mould 4" (Classic)(102 x 3050 x 11 mm)', 57800, 4.37, 0, 10, 1.1, 305, NULL, '0000-00-00 00:00:00', '0000-00-00 00:00:00', NULL),
(30, 4, '30', 'Conwood Floor Mould 4" (Classic)(102 x 3050 x 14 mm)', 68400, 5.2, 0, 10, 1.4, 305, NULL, '0000-00-00 00:00:00', '0000-00-00 00:00:00', NULL),
(31, 4, '31', 'Conwood Plank 1" (100 x 3050 x 25 mm)', 111600, 8.26, 0, 10, 2.5, 305, NULL, '0000-00-00 00:00:00', '0000-00-00 00:00:00', NULL),
(32, 4, '32', 'Conwood Plank 2" (50 x 3050 x 16 mm)', 42200, 3.12, 0, 5, 1.6, 305, NULL, '0000-00-00 00:00:00', '0000-00-00 00:00:00', NULL),
(33, 4, '33', 'Conwood Plank 2" (50 x 3050 x 25 mm)', 65400, 4.88, 0, 5, 2.5, 305, NULL, '0000-00-00 00:00:00', '0000-00-00 00:00:00', NULL),
(34, 4, '34', 'Conwood Sun Shade 3" (76 x 3050 x 14 mm)', 56000, 4.1, 0, 7.5, 1.4, 305, NULL, '0000-00-00 00:00:00', '0000-00-00 00:00:00', NULL),
(35, 4, '35', 'Conwood Fence 4" Arrow - 1 M (100 x 1000 x 16 mm) - 100', 33600, 1.99, 0, 10, 1.6, 100, NULL, '0000-00-00 00:00:00', '0000-00-00 00:00:00', NULL),
(36, 4, '36', 'Conwood Fence 4" Arrow - 1.5 M (100 x 1500 x 16 mm) - 100', 50400, 2.98, 0, 10, 1.6, 100, NULL, '0000-00-00 00:00:00', '0000-00-00 00:00:00', NULL),
(37, 4, '37', 'Conwood Fence 4" Botany - 1 M (100 x 1000 x 16 mm) - 100', 33600, 2.98, 0, 10, 1.6, 100, NULL, '0000-00-00 00:00:00', '0000-00-00 00:00:00', NULL),
(38, 4, '38', 'Conwood Fence 4" Botany - 1.5 M (100 x 1500 x 16 mm) - 100', 50400, 2.98, 0, 10, 1.6, 100, NULL, '0000-00-00 00:00:00', '0000-00-00 00:00:00', NULL),
(39, 4, '39', 'Conwood Fence 4" Arrow - 1 M (100 x 1000 x 16 mm) - 150', 33600, 1.99, 0, 10, 1.6, 150, NULL, '0000-00-00 00:00:00', '0000-00-00 00:00:00', NULL),
(40, 4, '40', 'Conwood Fence 4" Arrow - 1.5 M (100 x 1500 x 16 mm) - 150', 50400, 2.98, 0, 10, 1.6, 150, NULL, '0000-00-00 00:00:00', '0000-00-00 00:00:00', NULL),
(41, 4, '41', 'Conwood Fence 4" Botany - 1 M (100 x 1000 x 16 mm) - 150', 33600, 2.98, 0, 10, 1.6, 150, NULL, '0000-00-00 00:00:00', '0000-00-00 00:00:00', NULL),
(42, 4, '42', 'Conwood Fence 4" Botany - 1.5 M (100 x 1500 x 16 mm) - 150', 50400, 2.98, 0, 10, 1.6, 150, NULL, '0000-00-00 00:00:00', '0000-00-00 00:00:00', NULL),
(43, 4, '43', 'Conwood Fence 4" Classic - 1.5 M (100 x 1500 x 16 mm)', 52600, 3.07, 0, 10, 1.6, 150, NULL, '0000-00-00 00:00:00', '0000-00-00 00:00:00', NULL),
(44, 4, '44', 'Conwood Fence 4" Branch - 1 M (100 x 1000 x 16 mm)', 34800, 2.05, 0, 10, 1.6, 100, NULL, '0000-00-00 00:00:00', '0000-00-00 00:00:00', NULL),
(45, 4, '45', 'Conwood Plank 8" Textured (200 x 3050 x 8 mm)', 65000, 6.7, 0, 20, 0.8, 305, NULL, '0000-00-00 00:00:00', '0000-00-00 00:00:00', NULL),
(46, 4, '46', 'Conwood Plank 8" Plain (200 x 3050 x 8 mm)', 65000, 6.7, 0, 20, 0.8, 305, NULL, '0000-00-00 00:00:00', '0000-00-00 00:00:00', NULL),
(47, 4, '47', 'Conwood Plank 12" Textured (300 x 3050 x 8 mm)', 95000, 10, 0, 30, 0.8, 305, NULL, '0000-00-00 00:00:00', '0000-00-00 00:00:00', NULL),
(48, 4, '48', 'Conwood Plank 12" Plain (300 x 3050 x 8 mm)', 95000, 10, 0, 30, 0.8, 305, NULL, '0000-00-00 00:00:00', '0000-00-00 00:00:00', NULL),
(49, 4, '49', 'Conwood Door Frame (70 x 2130 x 30 mm)', 443600, 26.86, 0, 70, 3, 210, NULL, '0000-00-00 00:00:00', '0000-00-00 00:00:00', NULL),
(50, 4, '50', 'Conwood Door Frame (80 x 2130 x 30 mm)', 443600, 27.38, 0, 80, 3, 210, NULL, '0000-00-00 00:00:00', '0000-00-00 00:00:00', NULL),
(51, 4, '51', 'Conwood Door Frame (90 x 2130 x 30 mm)', 443600, 27.75, 0, 90, 3, 210, NULL, '0000-00-00 00:00:00', '0000-00-00 00:00:00', NULL),
(52, 4, '52', 'Conwood Deck 12" (D0) (300 x 3050 x 25 mm)', 331800, 28.75, 0, 30, 2.5, 305, NULL, '0000-00-00 00:00:00', '0000-00-00 00:00:00', NULL),
(53, 4, '53', 'Conwood Decorative Panel ECP (600 x 600 x 11mm)', 95000, 9.8, 0, 60, 1.1, 60, NULL, '0000-00-00 00:00:00', '0000-00-00 00:00:00', NULL),
(54, 4, '54', 'Conwood Lap Siding 8'''' G5 ( 200 x 3050 x 11 mm)', 100600, 46.12, 0, 20, 1.1, 305, NULL, '0000-00-00 00:00:00', '0000-00-00 00:00:00', NULL),
(55, 4, '55', 'Conwood Decorative Panel ECP (600 X 1200 X 11 mm)', 195000, 63.41, 0, 60, 1.1, 120, NULL, '0000-00-00 00:00:00', '0000-00-00 00:00:00', NULL),
(56, 4, '56', 'Conwood Board Custom  ( 1500 x 3050 x 8 mm)', 846000, 80.7, 0, 0, 0.8, 0, NULL, '0000-00-00 00:00:00', '0000-00-00 00:00:00', NULL),
(57, 4, '57', 'Conwood Board Custom  ( 1500 x 3050 x 11 mm)', 1236240, 92.23, 0, 0, 1.1, 0, NULL, '0000-00-00 00:00:00', '0000-00-00 00:00:00', NULL),
(58, 4, '58', 'Conwood Board Custom  ( 1500 x 3050 x 14 mm)', 1481760, 126.82, 0, 0, 1.4, 0, NULL, '0000-00-00 00:00:00', '0000-00-00 00:00:00', NULL),
(59, 4, '59', 'Conwood Board Custom  ( 1500 x 3050 x 16 mm)', 2092140, 144.11, 0, 0, 1.6, 0, NULL, '0000-00-00 00:00:00', '0000-00-00 00:00:00', NULL),
(60, 4, '60', 'Conwood Board Custom  ( 1500 x 3050 x 22 mm)', 2328480, 0, 0, 0, 2.2, 0, NULL, '0000-00-00 00:00:00', '0000-00-00 00:00:00', NULL),
(61, 4, '61', 'Conwood Board Custom  ( 1500 x 1500 x 25 mm)', 2646000, 0, 0, 0, 2.5, 0, NULL, '0000-00-00 00:00:00', '0000-00-00 00:00:00', NULL),
(62, 4, '62', 'Conwood Rhythm ( 200 x 1500 x 16 mm)', 124850, 0, 0, 0, 1.6, 0, NULL, '0000-00-00 00:00:00', '0000-00-00 00:00:00', NULL),
(63, 4, '63', 'Conwood Plank 2" (50 x 3050 x 22 mm)', 0, 0, 0, 50, 2.2, 0, NULL, '0000-00-00 00:00:00', '0000-00-00 00:00:00', NULL);

--
-- Dumping data for table `migrations`
--

INSERT INTO `migrations` (`id`, `migration`, `batch`) VALUES
(12, '2014_10_12_000000_create_users_table', 1),
(13, '2014_10_12_100000_create_password_resets_table', 1),
(14, '2019_02_22_081433_create_brands_table', 1),
(15, '2019_02_22_082116_create_categories_table', 1),
(16, '2019_02_22_082331_create_stocks_table', 1),
(17, '2019_02_22_082522_create_items_table', 1),
(18, '2019_02_22_083022_create_branches_table', 1),
(19, '2019_02_22_083308_create_sales_orders_table', 1),
(20, '2019_02_22_083338_create_sales_order_details_table', 1),
(21, '2019_02_22_085547_create_customers_table', 1),
(22, '2019_02_26_141821_create_holds_table', 1),
(23, '2019_04_16_052454_add_no_order_to_sales_orders', 2),
(24, '2019_04_16_052558_remove_price_from_stocks', 2),
(25, '2019_04_16_052759_remove_price_from_stocks', 3),
(26, '2019_04_16_070223_create_counters_table', 4),
(27, '2019_04_18_065514_add_purchase_id_to_purchase_details', 5),
(28, '2019_04_22_044422_add_sales_id_to_purchase', 6),
(29, '2019_04_22_064525_add_approval_finance_to_purchase_details', 7),
(30, '2019_04_22_064917_add_qty_approval_to_purchase_details', 8),
(31, '2019_04_23_075841_add_notes_to_sales_orders', 9),
(32, '2019_04_24_053539_create_receives_table', 10),
(33, '2019_04_24_054812_add_status_to_purchase_details', 10),
(34, '2019_04_25_085750_add_sales_id_to_purchase_details', 11),
(35, '2019_04_25_085959_drop_sales_id_from_purchases', 11),
(36, '2019_04_26_091247_add_purchase_detail_id_to_receives', 12),
(37, '2019_05_02_170722_create_vendors_table', 13),
(38, '2019_05_23_120829_alter_stocks_table_add_price_branch', 13),
(39, '2019_05_23_134223_alter_sales_orders_table_add_person_in_charge', 13),
(40, '2019_05_23_143152_alter_sales_orders_table_add_grand_total', 13),
(41, '2019_07_03_112728_alter_customers_table_add_npwp', 13),
(42, '2019_07_03_114248_add_tgl_pembayaran_to_sales_orders_table', 13),
(43, '2019_07_03_115053_add_qty_kirim_to_sales_order_details_table', 13),
(44, '2019_07_03_122035_add_qty_kirim_to_delivery_order_details_table', 13),
(45, '2019_07_05_124449_alter_vendors_table_add_image', 13),
(46, '2019_07_18_132215_create_commisions_table', 14),
(47, '2019_07_18_132731_create_settings_table', 14),
(49, '2019_07_18_132825_add_hold_to_table_stock', 15),
(50, '2019_07_19_105110_alter_commisions_to_commissions', 16),
(51, '2019_07_23_160946_add_mobil_to_delivery_orders', 17),
(52, '2019_07_23_163134_add_plat_to_delivery_orders', 17),
(53, '2019_08_01_103600_alter_commissions_table', 18),
(54, '2019_09_03_113101_create_branches_table', 0),
(55, '2019_09_03_113101_create_brands_table', 0),
(56, '2019_09_03_113101_create_categories_table', 0),
(57, '2019_09_03_113101_create_commissions_table', 0),
(58, '2019_09_03_113101_create_commissions_details_table', 0),
(59, '2019_09_03_113101_create_counters_table', 0),
(60, '2019_09_03_113101_create_customers_table', 0),
(61, '2019_09_03_113101_create_delivery_order_details_table', 0),
(62, '2019_09_03_113101_create_delivery_orders_table', 0),
(63, '2019_09_03_113101_create_holds_table', 0),
(64, '2019_09_03_113101_create_items_table', 0),
(65, '2019_09_03_113101_create_password_resets_table', 0),
(66, '2019_09_03_113101_create_purchase_details_table', 0),
(67, '2019_09_03_113101_create_purchases_table', 0),
(68, '2019_09_03_113101_create_receive_details_table', 0),
(69, '2019_09_03_113101_create_receives_table', 0),
(70, '2019_09_03_113101_create_sales_order_details_table', 0),
(71, '2019_09_03_113101_create_sales_orders_table', 0),
(72, '2019_09_03_113101_create_settings_table', 0),
(73, '2019_09_03_113101_create_stocks_table', 0),
(74, '2019_09_03_113101_create_users_table', 0),
(75, '2019_09_03_113101_create_vendors_table', 0),
(76, '2019_09_03_113101_create_warehouses_table', 0);

--
-- Dumping data for table `settings`
--

INSERT INTO `settings` (`id`, `name`, `value`, `created_at`, `updated_at`, `deleted_at`) VALUES
(1, 'finance-period-start', '15', NULL, NULL, NULL),
(2, 'finance-period-end', '14', NULL, NULL, NULL);

--
-- Dumping data for table `stocks`
--

INSERT INTO `stocks` (`id`, `item_id`, `branch_id`, `quantity`, `price_branch`, `hold`, `broken`, `notes`, `created_at`, `updated_at`, `deleted_at`) VALUES
(1, 1, 1, 16, 92180, 0, 0, NULL, '0000-00-00 00:00:00', '2019-09-24 10:30:58', NULL),
(2, 2, 1, 21, 144540, 0, 1, NULL, '0000-00-00 00:00:00', '2019-09-24 10:48:22', NULL),
(3, 3, 1, 7, 192720, 0, 0, NULL, '0000-00-00 00:00:00', '2019-09-24 10:32:39', NULL),
(4, 4, 1, 98, 182600, 0, 5, NULL, '0000-00-00 00:00:00', '2019-09-24 10:48:36', NULL),
(5, 5, 1, 21, 273900, 0, 0, NULL, '0000-00-00 00:00:00', '2019-09-24 10:33:13', NULL),
(6, 6, 1, 8, 364980, 0, 0, NULL, '0000-00-00 00:00:00', '2019-09-24 10:33:22', NULL),
(7, 7, 1, 2, 537240, 0, 0, NULL, '0000-00-00 00:00:00', '2019-09-24 10:33:31', NULL),
(8, 8, 1, 3, 537240, 0, 1, NULL, '0000-00-00 00:00:00', '2019-09-24 10:48:51', NULL),
(9, 9, 1, 0, 537240, 0, 0, NULL, '0000-00-00 00:00:00', '0000-00-00 00:00:00', NULL),
(10, 10, 1, 0, 585640, 0, 0, NULL, '0000-00-00 00:00:00', '0000-00-00 00:00:00', NULL),
(11, 11, 1, 0, 585640, 0, 0, NULL, '0000-00-00 00:00:00', '0000-00-00 00:00:00', NULL),
(12, 12, 1, 0, 585640, 0, 0, NULL, '0000-00-00 00:00:00', '0000-00-00 00:00:00', NULL),
(13, 13, 1, 39, 97020, 0, 0, NULL, '0000-00-00 00:00:00', '2019-09-24 10:34:13', NULL),
(14, 14, 1, 9, 211420, 0, 0, NULL, '0000-00-00 00:00:00', '2019-09-24 10:34:57', NULL),
(15, 15, 1, 17, 168740, 0, 0, NULL, '0000-00-00 00:00:00', '2019-09-24 10:35:17', NULL),
(16, 16, 1, 2, 42900, 0, 0, NULL, '0000-00-00 00:00:00', '2019-09-24 10:35:35', NULL),
(17, 17, 1, 38, 64680, 0, 0, NULL, '0000-00-00 00:00:00', '2019-09-24 10:36:10', NULL),
(18, 18, 1, 0, 84040, 0, 9, NULL, '0000-00-00 00:00:00', '2019-09-24 10:49:11', NULL),
(19, 19, 1, 5, 136400, 0, 1, NULL, '0000-00-00 00:00:00', '2019-09-24 10:49:32', NULL),
(20, 20, 1, 0, 579920, 0, 0, NULL, '0000-00-00 00:00:00', '0000-00-00 00:00:00', NULL),
(21, 21, 1, 30, 162580, 0, 1, NULL, '0000-00-00 00:00:00', '2019-09-24 10:49:46', NULL),
(22, 22, 1, 44, 84920, 0, 0, NULL, '0000-00-00 00:00:00', '2019-09-24 10:38:07', NULL),
(23, 23, 1, 6, 110660, 0, 0, NULL, '0000-00-00 00:00:00', '2019-09-24 10:38:30', NULL),
(24, 24, 1, 2, 110660, 0, 0, NULL, '0000-00-00 00:00:00', '2019-09-24 10:38:52', NULL),
(25, 25, 1, 26, 110660, 0, 1, NULL, '0000-00-00 00:00:00', '2019-09-24 10:49:59', NULL),
(26, 26, 1, 0, 240240, 0, 0, NULL, '0000-00-00 00:00:00', '0000-00-00 00:00:00', NULL),
(27, 27, 1, 4, 63580, 0, 0, NULL, '0000-00-00 00:00:00', '2019-09-24 10:39:52', NULL),
(28, 28, 1, 18, 75240, 0, 0, NULL, '0000-00-00 00:00:00', '2019-09-24 10:40:56', NULL),
(29, 29, 1, 8, 63580, 0, 0, NULL, '0000-00-00 00:00:00', '2019-09-24 10:41:16', NULL),
(30, 30, 1, 16, 75240, 0, 0, NULL, '0000-00-00 00:00:00', '2019-09-24 10:41:30', NULL),
(31, 31, 1, 27, 122760, 0, 0, NULL, '0000-00-00 00:00:00', '2019-09-24 10:41:46', NULL),
(32, 32, 1, 34, 46420, 0, 6, NULL, '0000-00-00 00:00:00', '2019-09-24 10:50:35', NULL),
(33, 33, 1, 5, 71940, 0, 0, NULL, '0000-00-00 00:00:00', '2019-09-24 10:42:20', NULL),
(34, 34, 1, 18, 61600, 0, 1, NULL, '0000-00-00 00:00:00', '2019-09-24 10:51:21', NULL),
(35, 35, 1, 0, 36960, 0, 0, NULL, '0000-00-00 00:00:00', '0000-00-00 00:00:00', NULL),
(36, 36, 1, 0, 55440, 0, 0, NULL, '0000-00-00 00:00:00', '0000-00-00 00:00:00', NULL),
(37, 37, 1, 0, 36960, 0, 0, NULL, '0000-00-00 00:00:00', '0000-00-00 00:00:00', NULL),
(38, 38, 1, 0, 55440, 0, 0, NULL, '0000-00-00 00:00:00', '0000-00-00 00:00:00', NULL),
(39, 39, 1, 0, 36960, 0, 0, NULL, '0000-00-00 00:00:00', '0000-00-00 00:00:00', NULL),
(40, 40, 1, 0, 55440, 0, 0, NULL, '0000-00-00 00:00:00', '0000-00-00 00:00:00', NULL),
(41, 41, 1, 0, 36960, 0, 0, NULL, '0000-00-00 00:00:00', '0000-00-00 00:00:00', NULL),
(42, 42, 1, 0, 55440, 0, 0, NULL, '0000-00-00 00:00:00', '0000-00-00 00:00:00', NULL),
(43, 43, 1, 0, 57860, 0, 0, NULL, '0000-00-00 00:00:00', '0000-00-00 00:00:00', NULL),
(44, 44, 1, 0, 38280, 0, 0, NULL, '0000-00-00 00:00:00', '0000-00-00 00:00:00', NULL),
(45, 45, 1, 8, 71500, 0, 0, NULL, '0000-00-00 00:00:00', '2019-09-24 10:43:40', NULL),
(46, 46, 1, 43, 71500, 0, 0, NULL, '0000-00-00 00:00:00', '2019-09-24 10:43:52', NULL),
(47, 47, 1, 8, 104500, 0, 0, NULL, '0000-00-00 00:00:00', '2019-09-24 10:46:34', NULL),
(48, 48, 1, 3, 104500, 0, 0, NULL, '0000-00-00 00:00:00', '2019-09-24 10:46:49', NULL),
(49, 49, 1, 0, 487960, 0, 0, NULL, '0000-00-00 00:00:00', '0000-00-00 00:00:00', NULL),
(50, 50, 1, 0, 487960, 0, 0, NULL, '0000-00-00 00:00:00', '0000-00-00 00:00:00', NULL),
(51, 51, 1, 0, 487960, 0, 0, NULL, '0000-00-00 00:00:00', '0000-00-00 00:00:00', NULL),
(52, 52, 1, 8, 364980, 0, 0, NULL, '0000-00-00 00:00:00', '2019-09-24 10:47:34', NULL),
(53, 53, 1, 0, 104500, 0, 0, NULL, '0000-00-00 00:00:00', '0000-00-00 00:00:00', NULL),
(54, 54, 1, 14, 110660, 0, 0, NULL, '0000-00-00 00:00:00', '2019-09-24 13:40:27', NULL),
(55, 55, 1, 6, 214500, 0, 0, NULL, '0000-00-00 00:00:00', '2019-09-24 10:48:00', NULL),
(56, 56, 1, 0, 930600, 0, 0, NULL, '0000-00-00 00:00:00', '0000-00-00 00:00:00', NULL),
(57, 57, 1, 0, 1359864, 0, 0, NULL, '0000-00-00 00:00:00', '0000-00-00 00:00:00', NULL),
(58, 58, 1, 4, 1629936, 0, 0, NULL, '0000-00-00 00:00:00', '2019-09-24 10:45:21', NULL),
(59, 59, 1, 0, 2301354, 0, 0, NULL, '0000-00-00 00:00:00', '0000-00-00 00:00:00', NULL),
(60, 60, 1, 0, 2561328, 0, 0, NULL, '0000-00-00 00:00:00', '0000-00-00 00:00:00', NULL),
(61, 61, 1, 0, 2910600, 0, 0, NULL, '0000-00-00 00:00:00', '0000-00-00 00:00:00', NULL),
(62, 62, 1, 0, 137335, 0, 0, NULL, '0000-00-00 00:00:00', '0000-00-00 00:00:00', NULL),
(63, 63, 1, 0, 0, 0, 0, NULL, '0000-00-00 00:00:00', '0000-00-00 00:00:00', NULL),
(64, 1, 3, 772, 92180, 0, 0, NULL, '2019-09-24 10:56:52', '2019-09-24 10:56:52', NULL),
(65, 2, 3, 44, 144540, 0, 0, NULL, '2019-09-24 10:57:50', '2019-09-24 10:57:50', NULL),
(66, 3, 3, 260, 192720, 0, 0, NULL, '2019-09-24 10:58:36', '2019-09-24 10:58:36', NULL),
(67, 4, 3, 829, 182600, 0, 0, NULL, '2019-09-24 10:59:20', '2019-09-24 10:59:20', NULL),
(68, 5, 3, 28, 273900, 0, 2, NULL, '2019-09-24 11:00:05', '2019-09-24 11:02:50', NULL),
(69, 6, 3, 0, 364980, 0, 0, NULL, '2019-09-24 11:03:49', '2019-09-24 11:03:49', NULL),
(70, 7, 3, 97, 537240, 0, 0, NULL, '2019-09-24 11:08:07', '2019-09-24 13:28:03', NULL),
(71, 8, 3, 271, 537240, 0, 2, NULL, '2019-09-24 11:08:48', '2019-09-24 11:09:04', NULL),
(72, 9, 3, 170, 537240, 0, 0, NULL, '2019-09-24 11:14:34', '2019-09-24 11:14:34', NULL),
(73, 10, 3, 0, 585640, 0, 0, NULL, '2019-09-24 11:20:07', '2019-09-24 11:20:07', NULL),
(74, 11, 3, 0, 585640, 0, 0, NULL, '2019-09-24 11:20:53', '2019-09-24 11:20:53', NULL),
(75, 16, 3, 15, 42900, 0, 0, NULL, '2019-09-24 11:21:53', '2019-09-24 11:21:53', NULL),
(76, 18, 3, 240, 84040, 0, 0, NULL, '2019-09-24 11:22:33', '2019-09-24 11:22:33', NULL),
(77, 22, 3, 0, 84920, 0, 0, NULL, '2019-09-24 11:23:26', '2019-09-24 11:23:26', NULL),
(78, 23, 3, 87, 110660, 0, 0, NULL, '2019-09-24 11:26:20', '2019-09-24 11:26:20', NULL),
(79, 24, 3, 319, 110660, 0, 2, NULL, '2019-09-24 11:27:16', '2019-09-24 11:28:02', NULL),
(80, 25, 3, 94, 110657, 0, 0, NULL, '2019-09-24 11:27:46', '2019-09-24 11:27:46', NULL),
(81, 30, 3, 38, 75240, 0, 0, NULL, '2019-09-24 11:28:50', '2019-09-24 11:28:50', NULL),
(82, 33, 3, 92, 71940, 0, 0, NULL, '2019-09-24 11:30:13', '2019-09-24 11:30:13', NULL),
(83, 37, 3, 10, 36960, 0, 0, NULL, '2019-09-24 11:31:44', '2019-09-24 11:31:44', NULL),
(84, 51, 3, 0, 487960, 0, 1, NULL, '2019-09-24 11:33:55', '2019-09-24 11:34:08', NULL),
(85, 45, 3, 150, 71500, 0, 0, NULL, '2019-09-24 11:35:14', '2019-09-24 11:35:14', NULL),
(86, 46, 3, 60, 71500, 0, 0, NULL, '2019-09-24 11:35:52', '2019-09-24 11:35:52', NULL),
(87, 57, 3, 4, 1359864, 0, 0, NULL, '2019-09-24 11:37:24', '2019-09-24 11:37:24', NULL),
(88, 52, 3, 282, 364980, 0, 0, NULL, '2019-09-24 11:38:17', '2019-09-24 11:38:17', NULL),
(89, 53, 3, 89, 104500, 0, 0, NULL, '2019-09-24 11:39:26', '2019-09-24 11:39:26', NULL),
(90, 55, 3, 68, 214500, 0, 0, NULL, '2019-09-24 11:40:03', '2019-09-24 11:40:03', NULL),
(91, 13, 3, 0, 88200, 0, 0, NULL, '2019-09-24 13:43:14', '2019-09-24 13:43:14', NULL);

--
-- Dumping data for table `users`
--

INSERT INTO `users` (`id`, `name`, `username`, `email`, `role`, `branch_id`, `saldo`, `email_verified_at`, `password`, `remember_token`, `created_at`, `updated_at`) VALUES
(1, 'Super Admin', 'Super Admin', 'super@admin.com', 'admin', 1, NULL, NULL, '$2y$10$HDLfbaA/x5ekyMZNzikOzemJEVZeqjtthYE9AEX5Hl5yvYH28HBgO', 'Xxv89waCXxkaq3UJ4XF08YGakP6c3JVehOBCZse3deRaIoilTBCbRQQggR5p', '2019-09-16 02:04:15', '2019-09-16 02:04:15'),
(2, 'Freddy Saputera', 'freddy', '', 'admin', 1, NULL, NULL, '$2y$10$flqySveQiu1iQW37p5IL9uP1NV4ADj/AYHxvqNLamSQ9qOOj0gP/m', NULL, '2019-09-16 02:06:56', '2019-09-16 02:06:56'),
(3, 'Sandi Yonathan', 'sandi', '', 'admin', 1, NULL, NULL, '$2y$10$4RK/oQz3R7fGn9998d/2m.gNsME1SaMSi5pcfceLM.FrLrZeFkr9W', 'VNLampBvbZtFuxxs4sKX4V4DFVYnfN6iE8F5tXZYNioSiWAOzBn5re5IKcWU', '2019-09-16 02:07:18', '2019-09-16 02:07:18'),
(4, 'Irene Debora', 'irene', '', 'finance', 1, NULL, NULL, '$2y$10$txIDiB/rySn4M1tcF45y2.SGOApvGUO9TJKJv6rylhZXEAcToOJka', 'wmfxyQcS6YTKPRNmJMHDfyI7SCM0X4JHkIJnQLnsHHU9vNq4TbYu3HOv4toN', '2019-09-16 02:07:52', '2019-09-16 02:07:52'),
(5, 'Ririn Karisna', 'ririn', '', 'admin', 1, NULL, NULL, '$2y$10$CIC2.KWEL2VVybazN67qWec3RLpKMxzcrxSrkE3aq8CRVzGsE1pKO', 'Ex3LkFWBYx0I0fqaRLEDBXfAADX75KTwIdeH4CLO9Dxuc6Aii1YxsqYxGeqI', '2019-09-16 02:08:16', '2019-09-16 02:08:16'),
(6, 'PANJI', 'Panji', 'panji.ipro@gmail.com', 'gudang', 1, NULL, NULL, '$2y$10$ZFWpvPqqCcIxrgubT/ABcu8K0aeTONI/QhbXmcKsOHsgk.g92gJci', 'hHRKKiasIH01WEOWdSdvCO5oirNy8dAz9jpzBYfEaoAa9N7FJKYrNB4dYcQy', '2019-09-16 02:10:15', '2019-09-24 13:15:15'),
(7, 'Ria Adriyanti', 'ria', '', 'sales', 1, NULL, NULL, '$2y$10$gy1uUmrx6s/be0gm5Ka3Ve45EDlRBFSIv8COHdKEag4A3unRDEZMy', NULL, '2019-09-16 02:10:36', '2019-09-16 02:10:36'),
(8, 'Aprilyanti', 'aprilyanti', '', 'sales', 1, NULL, NULL, '$2y$10$ZAvY/a5nROmxhH9Q5YtlseDQogErDMplhv7IPukh5u6jFH5qzTf.m', 'LvGcMiJq1hp7pufGV410tbDeZM7y6njJvSTAob3NnzlnnTvwlY2RIxLTGRht', '2019-09-16 02:12:24', '2019-09-16 02:12:24');

--
-- Dumping data for table `warehouses`
--

INSERT INTO `warehouses` (`id`, `branch_id`, `name`, `address`, `notes`, `created_at`, `updated_at`, `deleted_at`) VALUES
(2, 1, '1', '1', '1', '2019-09-24 10:30:14', '2019-09-24 10:30:14', NULL);

/*!40101 SET CHARACTER_SET_CLIENT=@OLD_CHARACTER_SET_CLIENT */;
/*!40101 SET CHARACTER_SET_RESULTS=@OLD_CHARACTER_SET_RESULTS */;
/*!40101 SET COLLATION_CONNECTION=@OLD_COLLATION_CONNECTION */;
